年収,部署
580,営業
653,総務
772,開発
792,開発
619,総務
594,総務
687,開発
756,開発
658,営業
625,営業
679,営業
572,営業
635,総務
652,営業
555,総務
696,営業
638,営業
722,開発
590,総務
605,総務
796,開発
629,営業
636,営業
745,開発
734,開発
531,総務
711,営業
743,開発
684,開発
622,総務
718,開発
753,開発
761,開発
592,総務
557,総務
691,営業
678,営業
683,営業
745,開発
733,開発
600,営業
696,開発
613,総務
719,開発
606,営業
641,営業
784,開発
677,営業
584,総務
695,営業
640,総務
631,総務
785,開発
623,営業
726,開発
680,営業
663,営業
736,開発
570,総務
775,開発
677,営業
614,総務
612,総務
725,開発
625,営業
570,総務
707,開発
573,総務
612,営業
751,開発
639,総務
557,総務
644,営業
615,総務
609,営業
776,開発
603,総務
606,総務
723,開発
657,営業
667,営業
679,営業
534,総務
759,開発
557,総務
594,総務
630,総務
766,開発
573,総務
731,開発
